FROM,TO,Com_Biz,Com_Jtw,Com_Non,Cor_Biz,Cor_Jtw,Cor_Non,Exp_Biz,Exp_Jtw,Exp_Non
AlbanySchenectadyTroyNY,AlbanySchenectadyTroyNY,0,0,0,389.789026331118,238.577322269467,1683.38095499693,0,0,0
AlbanySchenectadyTroyNY,AtlanticCityRestofNewJersey,0,0,0,1956.89114506283,0.308958982451153,452.261219989396,0,0,0
AlbanySchenectadyTroyNY,BaltimoreMetro,0,0,0,7736.15679383487,0.642129047777284,2168.84011917289,0,0,0
AlbanySchenectadyTroyNY,BostonMetroManchesterNashuaNH,0,0,0,12536.1598030215,6981.90299410444,49781.2545868596,0,0,0
AlbanySchenectadyTroyNY,BridgeportStamfordNorwalkCT,0,0,0,3575.84943808264,3147.11381959265,6434.59392985725,0,0,0
AlbanySchenectadyTroyNY,HarrisburgPALancasterPA,0,0,0,2998.17059867404,0.614130655638572,1014.89740517914,0,0,0
AlbanySchenectadyTroyNY,HartfordWestEastCT,0,0,0,657.40191860361,432.844265189444,2532.42199297595,0,0,0
AlbanySchenectadyTroyNY,KingstonNYHudsonNY,0,0,0,1097.34951273613,625.590875574986,4673.94274677607,0,0,0
AlbanySchenectadyTroyNY,LancasterPA,0,0,0,4639.08992432382,0.672926774303539,1193.07556033161,0,0,0
AlbanySchenectadyTroyNY,NewCastleDECecilMDSalemNJ,0,0,0,914.14678115083,0.109749223257416,181.945148366894,0,0,0
AlbanySchenectadyTroyNY,NewHavenMilfordCTLitchfieldCT,0,0,0,20403.2991987336,14479.8621876079,48576.5269263751,0,0,0
AlbanySchenectadyTroyNY,NewYorkCityNYWestchesterNYLongIsland,0,0,0,178746.586107798,55322.0098234054,535810.592769927,0,0,0
AlbanySchenectadyTroyNY,NewarkNJNorthernNewJersey,0,0,0,41060.9332612376,10463.4639301194,94430.2580934601,0,0,0
AlbanySchenectadyTroyNY,NorwichNewLondonCTWindhamCT,0,0,0,1368.79721831949,146.882016201322,3257.03732596969,0,0,0
AlbanySchenectadyTroyNY,PhiladelphiaMetroReadingPA,0,0,0,105.597981871745,0.169333801193602,282.156420770801,0,0,0
AlbanySchenectadyTroyNY,PoughkeepsieNewburgMiddletownNY,0,0,0,4650.13439786001,4172.10552305513,8582.0648539922,0,0,0
AlbanySchenectadyTroyNY,ProvidenceNewBedfordFallRiverRIMA,0,0,0,4109.78595146488,118.412839063466,7571.59478179591,0,0,0
AlbanySchenectadyTroyNY,RichmondMetroVA,0,0,0,5373.46655496757,0,783.934365697049,0,0,0
AlbanySchenectadyTroyNY,SpringfieldMAWorcesterMAPittsfieldMA,0,0,0,725.068673478435,1967.67962217106,8056.22770432738,0,0,0
AlbanySchenectadyTroyNY,WashingtonDCMetro,0,0,0,0.536423428704035,0.049251469547681,1.12859572012359,0,0,0
AtlanticCityRestofNewJersey,AlbanySchenectadyTroyNY,0,0,0,816.022397274443,0.130091746908466,231.413767596895,0,0,0
AtlanticCityRestofNewJersey,BaltimoreMetro,0,0,0,15273.8284542818,6120.08183876174,34749.4197780261,11105.4008002684,657.758657957051,6954.19286117053
AtlanticCityRestofNewJersey,BostonMetroManchesterNashuaNH,0,0,0,558.400256394392,2293.38834926586,1243.26832570075,1671.70128173525,673.474648147754,602.649897125526
AtlanticCityRestofNewJersey,BridgeportStamfordNorwalkCT,0,0,0,70.2352431896557,15.9352490910277,171.682800584236,310.643988275466,5.8832360742852,96.7322606413512
AtlanticCityRestofNewJersey,HarrisburgPALancasterPA,0,0,0,22897.5179171622,7300.01150702471,34202.3689352235,1682.38260916146,40.0356409698463,844.59099786962
AtlanticCityRestofNewJersey,HartfordWestEastCT,0,0,0,915.023854115227,323.978354063872,3730.91994245552,4101.8350616705,196.937735515955,2582.17946503197
AtlanticCityRestofNewJersey,KingstonNYHudsonNY,0,0,0,310.052116473254,0.0909960063969988,141.728077562662,0,0,0
AtlanticCityRestofNewJersey,LancasterPA,0,0,0,20586.0646999622,9093.13619626742,40989.5979921573,3460.79718493893,111.518390723339,1592.09983488155
AtlanticCityRestofNewJersey,NewCastleDECecilMDSalemNJ,0,0,0,1353.31955664379,794.614221140261,3346.41479287822,299.248610866358,20.5927004072264,196.363114654164
AtlanticCityRestofNewJersey,NewHavenMilfordCTLitchfieldCT,0,0,0,11470.3048805431,61.2210359723246,6984.16136202595,381.81018610326,0.0985620437453852,81.7617059043392
AtlanticCityRestofNewJersey,NewYorkCityNYWestchesterNYLongIsland,40721.25745044,14186.035874323,117069.642987505,34548.8676745408,19705.6984548824,155603.574839426,84774.6804946864,5598.95294307188,56586.6844987358
AtlanticCityRestofNewJersey,NewarkNJNorthernNewJersey,0,0,0,632.721281326346,179.269875147218,666.690632497046,0,0,0
AtlanticCityRestofNewJersey,NorwichNewLondonCTWindhamCT,0,0,0,943.846056444663,391.888604947407,2480.43272561662,631.169206342048,29.2678872870831,375.622726470658
AtlanticCityRestofNewJersey,PhiladelphiaMetroReadingPA,0,0,0,8170.42121392782,4305.61803861116,33717.2530713546,1359.39250492052,94.1565991005041,852.661958586145
AtlanticCityRestofNewJersey,ProvidenceNewBedfordFallRiverRIMA,0,0,0,326.347991435521,372.4352526917,836.354727178878,769.116863370736,88.7894185907111,337.384494673308
AtlanticCityRestofNewJersey,RichmondMetroVA,0,0,0,6686.14456899339,1581.73337843527,15470.4968336434,657.154589202922,0.0365948781575122,168.267010467054
AtlanticCityRestofNewJersey,SpringfieldMAWorcesterMAPittsfieldMA,0,0,0,909.156884945907,473.169612130998,2923.67827350664,1902.75547326767,119.301303399678,1373.02831814065
AtlanticCityRestofNewJersey,WashingtonDCMetro,0,0,0,58953.0760261454,26983.6215851968,198130.144182489,86198.3429251944,5404.18231914678,66638.864372339
BaltimoreMetro,AlbanySchenectadyTroyNY,0,0,0,2537.68555826944,0.23469623105855,665.25172790513,0,0,0
BaltimoreMetro,BaltimoreMetro,0,0,0,5255.31471651899,2740.08681664047,19442.9688215888,1209.54181073062,0.0256674530782067,1168.82804872548
BaltimoreMetro,BostonMetroManchesterNashuaNH,0,0,0,7067.79719940985,3607.70129145866,14781.7932042871,8401.03526613915,813.404591236909,6455.75630121507
BaltimoreMetro,BridgeportStamfordNorwalkCT,0,0,0,8535.45220869107,516.563224180362,25926.9191633562,11615.3623433638,142.368419039664,10567.182713637
BaltimoreMetro,HarrisburgPALancasterPA,0,0,0,23963.5461978629,31590.1665236554,160298.362054151,2042.18289515054,144.717073579256,3511.56297106717
BaltimoreMetro,HartfordWestEastCT,0,0,0,928.750998946844,691.67850597071,4923.68738880821,1536.94978208807,227.679078786445,1956.71809645551
BaltimoreMetro,KingstonNYHudsonNY,0,0,0,6568.85036323429,0.588228620923093,1040.65909863546,0,0,0
BaltimoreMetro,LancasterPA,0,0,0,1031.26212092076,994.194552858139,3526.7155182029,85.9024694049252,5.38135026470763,78.5040658664694
BaltimoreMetro,NewCastleDECecilMDSalemNJ,2426.57342738228,7414.07687931975,3331.03433120922,24470.4106605376,16596.6116683505,64604.7306127962,3888.53057088876,923.016896172233,3769.04811889539
BaltimoreMetro,NewHavenMilfordCTLitchfieldCT,0,0,0,68867.1398571421,1083.95339097277,115673.978133115,1161.41329115874,4.152162717695,616.26843112897
BaltimoreMetro,NewYorkCityNYWestchesterNYLongIsland,0,0,0,75136.4538297937,45315.3592965129,321613.816033815,94185.9081789075,11829.038217192,102051.005939736
BaltimoreMetro,NorwichNewLondonCTWindhamCT,0,0,0,61589.0001066872,2152.2831070537,15490.8992216933,7089.35387929606,151.731499503646,1773.84616795867
BaltimoreMetro,PhiladelphiaMetroReadingPA,0,0,0,40721.3157270278,18272.0529924456,136538.375413541,21427.641388914,1689.10742581411,14506.5843628767
BaltimoreMetro,ProvidenceNewBedfordFallRiverRIMA,0,0,0,1692.88917215273,1150.49575149904,16538.9263880444,3306.89765428781,268.131779792707,5338.22513222692
BaltimoreMetro,RichmondMetroVA,0,0,0,21171.7843402974,8504.67731043825,76533.7968542471,1873.51559327998,1.20116508007288,20.8959343042052
BaltimoreMetro,SpringfieldMAWorcesterMAPittsfieldMA,0,0,0,1581.35014298516,1019.83396274523,3204.62493035648,1110.18315494311,196.447514077815,924.390845726376
BaltimoreMetro,WashingtonDCMetro,0,0,0,165787.787039968,79663.4397679059,571633.593541385,56649.1042028266,4986.71775019998,46013.3216880486
BostonMetroManchesterNashuaNH,AlbanySchenectadyTroyNY,0,0,0,13385.3621938514,8653.74488994248,27654.0381162938,0,0,0
BostonMetroManchesterNashuaNH,AtlanticCityRestofNewJersey,0,0,0,1815.24631085279,927.840938086675,1122.91138195481,4834.12122523165,256.760059859765,711.766513929519
BostonMetroManchesterNashuaNH,BaltimoreMetro,0,0,0,9465.51537850298,3885.34511074669,30778.3543059606,13385.5725754561,657.824255290594,10018.3122378783
BostonMetroManchesterNashuaNH,BostonMetroManchesterNashuaNH,0,0,0,6493.59454428023,4088.14820057486,25589.6656790052,264.639274953201,40.3056271394721,417.105735117158
BostonMetroManchesterNashuaNH,BridgeportStamfordNorwalkCT,0,0,0,3202.45375251446,12597.3802977937,18067.4110417775,4958.15353855793,4998.82489031369,6252.09167263131
BostonMetroManchesterNashuaNH,HarrisburgPALancasterPA,0,0,0,3787.53099064325,5.13682911311154,13776.5005180379,570.060441532436,5.49147450190057e-06,28.0656183567729
BostonMetroManchesterNashuaNH,HartfordWestEastCT,0,0,0,83430.4854037205,39020.0108801981,158215.380955308,2029.55758231345,329.567245795822,3252.82551182913
BostonMetroManchesterNashuaNH,KingstonNYHudsonNY,0,0,0,8383.52734563545,4150.22373648008,21519.5795681014,1350.29909679675,9.00336892143615,694.316223068926
BostonMetroManchesterNashuaNH,LancasterPA,0,0,0,4189.750202733,506.457808689165,9119.98218440446,1046.25432084363,0.00055063637014499,27.1511591015151
BostonMetroManchesterNashuaNH,NewCastleDECecilMDSalemNJ,0,0,0,22280.2456055865,1852.84213253998,28744.2723457628,27608.1070103955,311.586949628325,7806.02131846951
BostonMetroManchesterNashuaNH,NewHavenMilfordCTLitchfieldCT,0,0,0,45633.3705336999,82372.8808529966,101070.535279235,2470.14287273873,296.946212054906,1798.26003836128
BostonMetroManchesterNashuaNH,NewYorkCityNYWestchesterNYLongIsland,0,0,0,166885.495920953,46414.7104506413,1013006.28615834,749891.781079509,31418.4450701278,592311.704988636
BostonMetroManchesterNashuaNH,NewarkNJNorthernNewJersey,0,0,0,105540.802735281,5543.48447879857,347972.277756202,262768.257185798,2907.44238358925,186593.411022709
BostonMetroManchesterNashuaNH,NorwichNewLondonCTWindhamCT,0,0,0,16536.7565254992,9868.81658609505,89678.5323538965,5655.16239539396,617.763249280885,4944.52342229661
BostonMetroManchesterNashuaNH,PhiladelphiaMetroReadingPA,0,0,0,35997.8016663008,21587.7909499365,170780.562329414,24243.0704364095,3336.82062582695,32920.8884058569
BostonMetroManchesterNashuaNH,PoughkeepsieNewburgMiddletownNY,0,0,0,4771.34290177816,754.06802557044,6739.95767747282,4055.30947367645,152.500267035007,2122.35086678594
BostonMetroManchesterNashuaNH,ProvidenceNewBedfordFallRiverRIMA,0,0,0,49380.0706582253,26363.3165594988,158729.792350779,6947.18206992697,798.629136922797,6636.84501148748
BostonMetroManchesterNashuaNH,RichmondMetroVA,0,0,0,2841.40511854578,998.548815675045,21904.4073467884,2937.31711144548,0.000608937348401618,26.5398507906262
BostonMetroManchesterNashuaNH,SpringfieldMAWorcesterMAPittsfieldMA,0,0,0,16378.8087394462,9253.67390881009,74599.4869538514,4161.24469238048,438.108183698551,7338.76572492185
BostonMetroManchesterNashuaNH,WashingtonDCMetro,0,0,0,54181.4577224327,19658.3614469702,193219.856463631,38252.0415759778,2761.85219635119,38177.6173524623
BridgeportStamfordNorwalkCT,AlbanySchenectadyTroyNY,0,0,0,27226.8664844308,23837.5128071905,61344.0678055197,0,0,0
BridgeportStamfordNorwalkCT,AtlanticCityRestofNewJersey,0,0,0,638.840801999794,129.458224528648,736.255244479949,1559.95664820721,33.0111474776283,375.072644553162
BridgeportStamfordNorwalkCT,BaltimoreMetro,0,0,0,49846.0483005098,4028.34177300894,144062.882059552,53011.627154862,893.573426526959,39062.9258000182
BridgeportStamfordNorwalkCT,BostonMetroManchesterNashuaNH,0,0,0,23726.9732324197,61126.1648628822,84876.3651017244,42770.7421461824,27928.26411035,33597.2146543122
BridgeportStamfordNorwalkCT,HarrisburgPALancasterPA,0,0,0,25178.0867605644,49.6356912723176,35686.5444355115,1198.33116383916,0.0404892085863864,111.53147068116
BridgeportStamfordNorwalkCT,HartfordWestEastCT,0,0,0,3653.40285407732,5675.6505723712,11195.7046313325,1151.43173612097,511.454922476542,931.101978645524
BridgeportStamfordNorwalkCT,KingstonNYHudsonNY,0,0,0,8155.394509813,12785.5377297572,34120.4014575292,178.355253448849,6.18753889846609,124.709087333171
BridgeportStamfordNorwalkCT,LancasterPA,0,0,0,11372.9643556049,1670.91830956109,10264.8870811196,479.532293282794,1.09726138160783,34.6937520879671
BridgeportStamfordNorwalkCT,NewCastleDECecilMDSalemNJ,0,0,0,4708.21834273359,910.500763507426,7043.63382680066,6095.49444340303,152.551085265077,1778.47185337483
BridgeportStamfordNorwalkCT,NewHavenMilfordCTLitchfieldCT,0,0,0,522.320193273864,551.954418497016,847.963669795944,74.5165663321411,2.65020181613821,45.0983478736918
BridgeportStamfordNorwalkCT,NewYorkCityNYWestchesterNYLongIsland,0,0,0,43571.8050955715,28281.4263075474,331578.594538287,13503.0642893145,1077.83301661957,7797.48707530776
BridgeportStamfordNorwalkCT,NewarkNJNorthernNewJersey,0,0,0,9238.49380233578,5449.23941435855,34099.8430031544,2421.45204658316,168.460637799443,784.67869952465
BridgeportStamfordNorwalkCT,NorwichNewLondonCTWindhamCT,0,0,0,702.189589822886,870.736739725474,1909.64822176888,247.673863855139,73.706391272093,153.913781040368
BridgeportStamfordNorwalkCT,PhiladelphiaMetroReadingPA,0,0,0,58419.9903564281,14074.3764546263,109337.722930225,23217.874314755,1349.35040001027,9312.15005541945
BridgeportStamfordNorwalkCT,PoughkeepsieNewburgMiddletownNY,0,0,0,3416.39913968673,1058.61142440682,2106.76198169701,35.0188965740674,5.78412963825641,8.06205345868168
BridgeportStamfordNorwalkCT,ProvidenceNewBedfordFallRiverRIMA,0,0,0,9030.61566425217,22226.7077323613,15760.0492922777,6464.12944067965,5837.58062687331,3181.45310287388
BridgeportStamfordNorwalkCT,RichmondMetroVA,0,0,0,-1236329.86311181,1700.76704061086,100026.317345138,15.7861410454575,6.05407710771539e-05,0.314773934804464
BridgeportStamfordNorwalkCT,SpringfieldMAWorcesterMAPittsfieldMA,0,0,0,693.842239011664,1943.6192153298,1450.26471304037,340.342765765403,557.700953737063,189.438479379238
BridgeportStamfordNorwalkCT,WashingtonDCMetro,0,0,0,121459.013055298,29393.1827878389,254125.64282593,262445.881062229,11823.1387346592,90558.7455161707
HarrisburgPALancasterPA,AlbanySchenectadyTroyNY,0,0,0,412.581427670954,0.098591124821364,140.05094986822,0,0,0
HarrisburgPALancasterPA,BaltimoreMetro,0,0,0,29781.7296850735,22999.4099523756,129566.747245648,567.572009199821,28.3223524623461,413.236746212818
HarrisburgPALancasterPA,BostonMetroManchesterNashuaNH,0,0,0,1537.93985265836,16.5227410526414,7106.16725846619,199.712783699323,2.44278711131436e-05,11.0357932064318
HarrisburgPALancasterPA,BridgeportStamfordNorwalkCT,0,0,0,2208.96257637509,8.39771601106103,3075.20434005562,48.8094548959931,0.00287841120342961,8.39355180983985
HarrisburgPALancasterPA,HarrisburgPALancasterPA,0,0,0,3003.72120708007,1978.25015461843,10763.4943798798,0,0,0
HarrisburgPALancasterPA,HartfordWestEastCT,0,0,0,-286.844336358174,326.34857301292,4311.58612152414,101.497176207385,0.000150962133723123,6.12833598653027
HarrisburgPALancasterPA,KingstonNYHudsonNY,0,0,0,226.955626358852,0.085673682783484,92.846515831877,0,0,0
HarrisburgPALancasterPA,LancasterPA,0,0,0,21315.0678193551,12932.2216193075,83228.4568774364,232.132427947629,26.629152592356,430.309113952611
HarrisburgPALancasterPA,NewCastleDECecilMDSalemNJ,0,0,0,17631.470247346,10069.0977877044,34005.840575027,534.291987046299,36.7865650183721,381.765042642887
HarrisburgPALancasterPA,NewHavenMilfordCTLitchfieldCT,0,0,0,9777.38106151062,13.3262080613193,10826.0682334968,69.7263165845079,0.00224930707305802,12.3999129956925
HarrisburgPALancasterPA,NewYorkCityNYWestchesterNYLongIsland,0,0,0,16535.1166313031,2262.4256091583,41594.1577083478,1194.44219901206,3.63350126551843,229.262666902571
HarrisburgPALancasterPA,NorwichNewLondonCTWindhamCT,0,0,0,1338.79246332083,60.7852932108448,2239.1433999683,129.628174983998,0.000129384643889008,13.4698283442697
HarrisburgPALancasterPA,PhiladelphiaMetroReadingPA,0,0,0,43739.6505705711,21829.1843187602,145725.328441201,996.277982864636,57.9590079648541,907.140834854716
HarrisburgPALancasterPA,ProvidenceNewBedfordFallRiverRIMA,0,0,0,305.259671773119,14.6445116373687,1010.30942092332,74.9210995235388,3.92541216986401e-05,2.17345166255207
HarrisburgPALancasterPA,RichmondMetroVA,0,0,0,4568.73965232421,270.650925978909,13421.1107584569,211.176696291538,1.71802676254065e-06,21.5786084848034
HarrisburgPALancasterPA,SpringfieldMAWorcesterMAPittsfieldMA,0,0,0,173.047315702471,432.598572565132,-1342.67844518482,247.672387470619,0.000544270816735103,11.4325286561112
HarrisburgPALancasterPA,WashingtonDCMetro,0,0,0,47139.3923326985,24991.4552965627,184786.675308578,1532.73328384589,20.9853907085717,602.457120784309
HartfordWestEastCT,AlbanySchenectadyTroyNY,0,0,0,2434.15764179055,887.87066864645,5596.15468001043,0,0,0
HartfordWestEastCT,AtlanticCityRestofNewJersey,0,0,0,1972.51935128433,564.265663253892,4736.24909687375,5030.46390335834,236.582640750681,3512.62307616408
HartfordWestEastCT,BaltimoreMetro,0,0,0,4734.72961658745,1713.21979678007,15506.6547500311,4921.119327959,322.960828653798,4453.12102334971
HartfordWestEastCT,BostonMetroManchesterNashuaNH,0,0,0,147342.342419247,68412.9756145879,319717.309762348,3178.51085612386,436.068666101894,3305.19503767679
HartfordWestEastCT,BridgeportStamfordNorwalkCT,0,0,0,2627.29250555929,4251.36878678857,9024.57877104065,864.596919751078,401.665430359622,719.765251141865
HartfordWestEastCT,HarrisburgPALancasterPA,0,0,0,-884.364979333422,2073.20197884142,-59810.0106170758,712.497535391043,0.000977055495463147,46.6090143030766
HartfordWestEastCT,HartfordWestEastCT,0,0,0,461.708615015511,319.102865635057,1654.56114638297,52.8080646312338,6.71551844233014,159.336605290217
HartfordWestEastCT,KingstonNYHudsonNY,0,0,0,1600.3774024179,730.189716269668,5481.05867265232,557.13531749301,28.2485214316246,561.797315304378
HartfordWestEastCT,LancasterPA,0,0,0,2208.36636644878,1814.23124266341,-15646.2172929323,2293.00032543745,0.00280535042330786,130.157201850706
HartfordWestEastCT,NewCastleDECecilMDSalemNJ,0,0,0,394.20258473732,317.665128375608,554.498420543093,657.142360457386,83.3996332770162,209.617482667032
HartfordWestEastCT,NewHavenMilfordCTLitchfieldCT,0,0,0,3576.99238461832,3647.52283610458,8332.92765593837,347.300844413825,23.2595216591855,691.13792818031
HartfordWestEastCT,NewYorkCityNYWestchesterNYLongIsland,0,0,0,51864.4780015572,23296.1855297094,300626.006199464,36452.5304108847,3275.12838560618,33683.095657291
HartfordWestEastCT,NewarkNJNorthernNewJersey,0,0,0,13966.0760968584,4623.75996462344,42312.1434982393,8014.29125244633,502.300330255939,4446.66324881349
HartfordWestEastCT,NorwichNewLondonCTWindhamCT,0,0,0,1481.18927648798,938.798666034726,5415.90622355096,171.624648241382,22.3279944726331,206.076319344864
HartfordWestEastCT,PhiladelphiaMetroReadingPA,0,0,0,9123.78840820337,4957.56621663856,44506.0167271789,8251.12465306286,1035.91672959544,8106.07147632642
HartfordWestEastCT,PoughkeepsieNewburgMiddletownNY,0,0,0,1369.92714884833,826.704692805332,1574.28476259494,333.616683827841,79.3434302956221,341.540384239714
HartfordWestEastCT,ProvidenceNewBedfordFallRiverRIMA,0,0,0,56788.3292893209,25037.1147011936,102168.370257778,561.263198370381,78.1087739782599,770.563649517661
HartfordWestEastCT,RichmondMetroVA,0,0,0,0.493723684355398,234.908830970284,1237.80276167916,314.265229514052,5.25907388277669e-06,330.382919278207
HartfordWestEastCT,SpringfieldMAWorcesterMAPittsfieldMA,0,0,0,1929.66270384631,1226.12775283531,3814.78707115271,322.633906572554,16.4029721826841,216.836799716711
HartfordWestEastCT,WashingtonDCMetro,0,0,0,21556.4014654792,6445.08620938894,53583.7957165611,19333.6250167568,1348.55539289021,15310.3407649924
KingstonNYHudsonNY,AlbanySchenectadyTroyNY,0,0,0,193.473663692634,110.820735765027,680.470595867302,0,0,0
KingstonNYHudsonNY,AtlanticCityRestofNewJersey,0,0,0,133.182040839272,0.0430636584233341,45.7787031501569,6.22429562531109,0.000262793191198645,2.00674673015443
KingstonNYHudsonNY,BaltimoreMetro,0,0,0,3171.56915738624,0.278700024771445,501.794289858441,45.4590475349966,0.000860860459689615,10.0501938449428
KingstonNYHudsonNY,BostonMetroManchesterNashuaNH,0,0,0,2682.76251312032,1143.18357178826,5924.21455272888,1699.17657733597,16.5045149089858,1444.38876559212
KingstonNYHudsonNY,BridgeportStamfordNorwalkCT,0,0,0,320.798254600887,584.101932156647,890.721030650851,18.7977659271988,1.05003590671233,28.0697426529259
KingstonNYHudsonNY,HarrisburgPALancasterPA,0,0,0,442.994833509167,0.174361531228751,181.776551259429,4.14084765551439,0.000154340487453012,1.57911647088139
KingstonNYHudsonNY,HartfordWestEastCT,0,0,0,139.103116426444,106.937700368448,514.688868479209,368.563001493478,17.1212710833258,366.414564061042
KingstonNYHudsonNY,KingstonNYHudsonNY,0,0,0,116.749888314918,80.2396356400664,548.312113660296,0,0,0
KingstonNYHudsonNY,LancasterPA,0,0,0,597.021750886931,0.166743605870177,188.564428890575,12.0705841412536,0.000352339628138763,3.1979594136524
KingstonNYHudsonNY,NewCastleDECecilMDSalemNJ,0,0,0,344.105983098506,0.110850209712694,138.545736372412,9.32954867194546,0.000426543907449028,2.98323198158847
KingstonNYHudsonNY,NewHavenMilfordCTLitchfieldCT,0,0,0,2620.68944106475,2522.72133301801,8959.76538868781,47.0239408200841,2.83847544684872,61.3169257335614
KingstonNYHudsonNY,NewYorkCityNYWestchesterNYLongIsland,0,0,0,33849.3171508633,27488.2600602997,202090.720785283,10804.0784976399,198.01876899287,18561.1015190371
KingstonNYHudsonNY,NewarkNJNorthernNewJersey,0,0,0,30304.3329037674,17606.2667217277,101475.066459427,3073.66261346293,43.4051800223183,3266.65096082553
KingstonNYHudsonNY,NorwichNewLondonCTWindhamCT,0,0,0,395.3132996563,46.0691926680206,638.828228163791,2.0042179770492,0.0670928125502224,2.42612441579689
KingstonNYHudsonNY,PhiladelphiaMetroReadingPA,0,0,0,166.106627492807,0.121879983614428,62.5958223226502,1.68945346335436,0.000554630242449137,0.655417199121685
KingstonNYHudsonNY,PoughkeepsieNewburgMiddletownNY,0,0,0,363.803266832127,467.074121969564,925.926146911072,18.4165333439664,0.85945001806194,31.2518670925052
KingstonNYHudsonNY,ProvidenceNewBedfordFallRiverRIMA,0,0,0,919.406675354129,100.143201583286,893.232386408039,306.34073872162,2.36252857379345,90.9924988020611
KingstonNYHudsonNY,RichmondMetroVA,0,0,0,476.286921899369,0,79.8892032197307,0.863738400131712,0,0.191333257718266
KingstonNYHudsonNY,SpringfieldMAWorcesterMAPittsfieldMA,0,0,0,534.810229606076,537.371860274538,821.41293739045,241.531179615052,3.82476493502118,121.516399986846
KingstonNYHudsonNY,WashingtonDCMetro,0,0,0,79656.3723853812,14.176993064888,37491.3405521501,3095.15858319098,0.0483445919082674,857.779101696159
LancasterPA,AlbanySchenectadyTroyNY,0,0,0,2500.68602265378,0.400372805764555,584.428080301198,0,0,0
LancasterPA,AtlanticCityRestofNewJersey,0,0,0,7946.70857341578,3719.16070029268,10542.765754477,1252.20172133573,50.9098878538568,1206.0593690359
LancasterPA,BaltimoreMetro,0,0,0,1274.30372925019,716.255490455846,2706.03054184906,49.8858895165901,3.5513584883421,55.9831592240679
LancasterPA,BostonMetroManchesterNashuaNH,0,0,0,5765.18588516128,90.1757128679222,5324.66972384802,703.212938589462,0.000228173535401965,17.036254585106
LancasterPA,BridgeportStamfordNorwalkCT,0,0,0,416.563789542362,6.43871208236522,525.418429352025,9.12226352943168,0.00267249553871718,1.78050957366493
LancasterPA,HarrisburgPALancasterPA,0,0,0,24167.2639761016,14738.119929169,89189.6204911788,265.42112138269,32.5889273473448,260.845990785144
LancasterPA,HartfordWestEastCT,0,0,0,150.750408978512,313.886249076084,47853.2941172178,434.861088080764,0.000430422828223476,24.4455920274827
LancasterPA,KingstonNYHudsonNY,0,0,0,995.371302178812,0.283915986622318,296.184089536476,4.12961509900562,0.000115897917366057,1.25155371905189
LancasterPA,LancasterPA,0,0,0,9125.51295113793,6038.74392525112,26503.8783527724,485.254277771246,45.5653255425652,254.708727429709
LancasterPA,NewCastleDECecilMDSalemNJ,0,0,0,16041.3208269288,14216.9477636743,47505.4434573627,628.151680892135,64.1048034126295,456.852657060705
LancasterPA,NewHavenMilfordCTLitchfieldCT,0,0,0,53158.4414029626,3701.57260856037,40121.2628392761,408.321575863006,0.0557250072286972,55.4004673274627
LancasterPA,NewYorkCityNYWestchesterNYLongIsland,0,0,0,55911.2945147496,17942.0302854128,150442.212371581,5166.9833005209,24.124742399717,1040.5224705314
LancasterPA,NewarkNJNorthernNewJersey,0,0,0,13861.9979651739,9721.81898200095,38828.2485781786,925.218800456639,9.86475480284715,280.542241019674
LancasterPA,NorwichNewLondonCTWindhamCT,0,0,0,821.947853609169,90.4379011262274,3092.11217321882,416.366868649134,0.00041325785719989,29.7831252663548
LancasterPA,PhiladelphiaMetroReadingPA,0,0,0,121782.014712533,74968.1339354601,487256.591725949,8588.19522050535,619.684366941246,11061.445507459
LancasterPA,PoughkeepsieNewburgMiddletownNY,0,0,0,3483.847428613,26.0341428802225,7523.94304712022,157.073938954087,0.0166471120214598,29.0288892625323
LancasterPA,ProvidenceNewBedfordFallRiverRIMA,0,0,0,5300.83894694839,221.60635037786,8532.93588440132,1204.18649099343,0.000629958017854719,28.4701302382407
LancasterPA,RichmondMetroVA,0,0,0,-189617.907030233,346.062760922419,10744.2444720531,836.108029763786,0.000465220369159983,238.711154913368
LancasterPA,SpringfieldMAWorcesterMAPittsfieldMA,0,0,0,43.421676843305,42.7519932868175,-453.698905661361,31.7568105862689,0.000526514705788886,1.12667007151944
LancasterPA,WashingtonDCMetro,0,0,0,38836.3012124194,23830.1854947816,127935.153435242,5368.9616654852,121.282551592177,3982.6506107165
NewCastleDECecilMDSalemNJ,AlbanySchenectadyTroyNY,0,0,0,317.675001819124,0.040478824903214,59.0176201919144,0,0,0
NewCastleDECecilMDSalemNJ,AtlanticCityRestofNewJersey,0,0,0,35.615987201742,23.756420333085,39.0835451284354,1.35040142654814,0.244199066807491,2.56852779925684
NewCastleDECecilMDSalemNJ,BaltimoreMetro,0,0,0,73530.7151852141,51677.5891006207,197824.347700376,22075.9747387053,3676.59175336548,16959.2557991867
NewCastleDECecilMDSalemNJ,BostonMetroManchesterNashuaNH,0,0,0,12855.8838796159,2241.11857572511,26888.9378027462,16064.6971234489,497.933069118598,9110.88991099378
NewCastleDECecilMDSalemNJ,BridgeportStamfordNorwalkCT,0,0,0,584.701796590464,110.952771841946,1154.44479210627,1303.46306003801,16.6521889653422,495.570237646865
NewCastleDECecilMDSalemNJ,HarrisburgPALancasterPA,0,0,0,24576.1582627476,15324.1485233105,42864.8084092087,1098.45984775342,54.5036794072082,381.410483389804
NewCastleDECecilMDSalemNJ,HartfordWestEastCT,0,0,0,79.6722906179933,92.5196405924279,151.084121932204,226.020679006632,45.2564814308673,98.1417018844559
NewCastleDECecilMDSalemNJ,KingstonNYHudsonNY,0,0,0,747.080663587216,0.227028289500442,284.859612902001,0,0,0
NewCastleDECecilMDSalemNJ,LancasterPA,0,0,0,30948.2869179232,25048.2297149184,74963.9811965563,2534.16429111749,166.542488693223,1174.95568491102
NewCastleDECecilMDSalemNJ,NewHavenMilfordCTLitchfieldCT,0,0,0,1364.23133066942,25.9862717393251,813.62240601774,90.7769566073613,0.0496074962340318,10.9415309513639
NewCastleDECecilMDSalemNJ,NewYorkCityNYWestchesterNYLongIsland,0,0,0,15716.0258232257,6815.17739138457,47305.8394983907,28880.883473932,1758.32285898599,15739.263632207
NewCastleDECecilMDSalemNJ,NewarkNJNorthernNewJersey,0,0,0,13.8099405759389,6.31204729189677,11.4012058109482,0,0,0
NewCastleDECecilMDSalemNJ,NorwichNewLondonCTWindhamCT,0,0,0,2066.87264472907,444.940181941498,4066.19470060365,803.573289613921,22.4138560393411,452.039869945677
NewCastleDECecilMDSalemNJ,PhiladelphiaMetroReadingPA,0,0,0,2622.74855224516,1472.28506909678,8343.27210443287,639.154453443927,50.0906265569786,359.502417344683
NewCastleDECecilMDSalemNJ,ProvidenceNewBedfordFallRiverRIMA,0,0,0,1331.22662146724,353.531885338481,2444.24019329753,2020.43898571211,67.8013885260712,798.616735865029
NewCastleDECecilMDSalemNJ,RichmondMetroVA,0,0,0,3783.62228275905,1422.14117601094,7903.52477478327,648.095662015158,1.66632281957605,109.850518488109
NewCastleDECecilMDSalemNJ,SpringfieldMAWorcesterMAPittsfieldMA,0,0,0,2842.3378528946,672.092418879839,6254.36699016911,3061.92466511051,113.831338955486,2065.54421194526
NewCastleDECecilMDSalemNJ,WashingtonDCMetro,0,0,0,88910.323277396,68535.245988153,366271.787054393,70469.9253537383,14302.7000280139,61928.7397232855
NewHavenMilfordCTLitchfieldCT,AlbanySchenectadyTroyNY,0,0,0,70087.3405039482,45438.9052726706,145638.554130922,0,0,0
NewHavenMilfordCTLitchfieldCT,AtlanticCityRestofNewJersey,0,0,0,31134.5049272028,153.952472766578,11365.7128134353,212.52674343024,0.261736635628961,91.6606322455627
NewHavenMilfordCTLitchfieldCT,BaltimoreMetro,0,0,0,259554.958064924,5983.46078217508,465446.171568208,652.311593192592,12.2077176610505,1487.99754901212
NewHavenMilfordCTLitchfieldCT,BostonMetroManchesterNashuaNH,0,0,0,134092.015621732,288724.759122407,327757.720205287,469.820176857629,762.124909311956,981.467346424654
NewHavenMilfordCTLitchfieldCT,BridgeportStamfordNorwalkCT,0,0,0,178.956740353256,109.617445603232,171.503150348226,2.60990587908592,0.126308858925114,1.95735239569344
NewHavenMilfordCTLitchfieldCT,HarrisburgPALancasterPA,0,0,0,123599.532483294,1096.75223209718,102662.396656365,147.592040003106,0.017148342718766,24.4871859539173
NewHavenMilfordCTLitchfieldCT,HartfordWestEastCT,0,0,0,4544.42767783707,4850.14732885715,8203.93090024676,86.6140931355232,6.8611639483453,88.2992793704262
NewHavenMilfordCTLitchfieldCT,KingstonNYHudsonNY,0,0,0,35710.2896171412,26799.8484849837,95889.4932372285,13.8257861499268,1.342282025101,23.0286085132826
NewHavenMilfordCTLitchfieldCT,LancasterPA,0,0,0,115044.023709322,280.554943079361,118108.043346035,346.313608424552,0.011800368697385,43.6305984150532
NewHavenMilfordCTLitchfieldCT,NewCastleDECecilMDSalemNJ,0,0,0,6756.23727714273,163.03095623922,3335.00805931209,50.2768535832338,0.205485039080185,13.0963510504066
NewHavenMilfordCTLitchfieldCT,NewHavenMilfordCTLitchfieldCT,0,0,0,4702.86775717116,5604.01596316876,8595.03826881486,0.0102593905885744,0.0594347142841563,1.01861133661473
NewHavenMilfordCTLitchfieldCT,NewYorkCityNYWestchesterNYLongIsland,0,0,0,235053.998712907,47385.6550554161,447693.640224028,6464.08326225257,52.336258204072,3795.7568575501
NewHavenMilfordCTLitchfieldCT,NewarkNJNorthernNewJersey,339207.060382377,207485.08085083,468025.198416339,5288.01269243833,3003.33188569511,11637.9856710765,214.705161890104,3.2371621411879,109.53302304938
NewHavenMilfordCTLitchfieldCT,NorwichNewLondonCTWindhamCT,0,0,0,23613.3404535335,22142.9212579831,47513.1262116833,429.130207160268,44.7300670613333,704.865251032131
NewHavenMilfordCTLitchfieldCT,PhiladelphiaMetroReadingPA,0,0,0,236948.770197225,16690.1126157318,173339.162507255,406.492034113109,19.8050467898354,319.840481300679
NewHavenMilfordCTLitchfieldCT,PoughkeepsieNewburgMiddletownNY,0,0,0,1566.22257366473,414.130575287427,756.296901836926,3.42896612748042,0.0948110542555941,2.89491633742253
NewHavenMilfordCTLitchfieldCT,ProvidenceNewBedfordFallRiverRIMA,0,0,0,62361.8264850486,114024.745103283,86197.2836401187,198.05810314122,215.935262171299,141.95766773451
NewHavenMilfordCTLitchfieldCT,RichmondMetroVA,0,0,0,-109708.799478029,1529.40778849279,161958.339838729,32.516663203674,2.11054231229658e-06,3.78462172273617
NewHavenMilfordCTLitchfieldCT,SpringfieldMAWorcesterMAPittsfieldMA,0,0,0,26513.3259170163,50709.6667682911,33906.4770383326,116.01557754628,91.4286011353896,72.7298043033367
NewHavenMilfordCTLitchfieldCT,WashingtonDCMetro,0,0,0,213498.646364609,35661.4631777314,578715.499048203,1104.62843933811,280.091153391433,2865.47784303272
NewYorkCityNYWestchesterNYLongIsland,AlbanySchenectadyTroyNY,0,0,0,271143.323604704,107528.347400456,767439.677724798,0,0,0
NewYorkCityNYWestchesterNYLongIsland,AtlanticCityRestofNewJersey,165306.832253895,104188.479108218,585032.164006886,79365.7110297046,46698.5353454561,210862.742884294,197493.984393781,12805.7577950966,135166.529957778
NewYorkCityNYWestchesterNYLongIsland,BaltimoreMetro,0,0,0,325623.131126271,160147.966981157,1107486.08900849,348876.27825548,34307.8408920968,365550.921809914
NewYorkCityNYWestchesterNYLongIsland,BostonMetroManchesterNashuaNH,0,0,0,188543.75153116,70959.7704365801,1149280.54811578,821781.95096197,53360.0293135532,724524.50265128
NewYorkCityNYWestchesterNYLongIsland,BridgeportStamfordNorwalkCT,0,0,0,20444.2431532844,15716.8155634209,90682.7332432264,3245.01714548409,358.628664232293,2670.82776397443
NewYorkCityNYWestchesterNYLongIsland,HarrisburgPALancasterPA,0,0,0,93521.1706945735,15360.6101636405,214138.429225383,6736.87942416538,17.4483985104812,1329.30811900374
NewYorkCityNYWestchesterNYLongIsland,HartfordWestEastCT,0,0,0,33569.2453362564,15964.7097780306,186921.907991171,27759.423737959,2606.76055715527,24820.5152800348
NewYorkCityNYWestchesterNYLongIsland,KingstonNYHudsonNY,0,0,0,247912.135998707,166069.096873467,1215955.68311525,0,0,0
NewYorkCityNYWestchesterNYLongIsland,LancasterPA,0,0,0,90352.2402484127,27056.0869378624,245659.016363355,9819.79969620116,31.0615291954028,1588.13037124848
NewYorkCityNYWestchesterNYLongIsland,NewCastleDECecilMDSalemNJ,0,0,0,57410.1323206157,26231.1826364904,160040.082048411,89503.2889179686,5589.44810962322,52333.8004922321
NewYorkCityNYWestchesterNYLongIsland,NewHavenMilfordCTLitchfieldCT,0,0,0,119509.991498888,34969.0200753854,307910.541797023,14268.9399230239,169.073159522573,11233.3482163072
NewYorkCityNYWestchesterNYLongIsland,NewYorkCityNYWestchesterNYLongIsland,31636.7649768381,26337.420293952,123105.869059622,5006.86978324808,4057.00168160073,31931.9145066493,351.855507847562,58.9115445454105,325.992453247151
NewYorkCityNYWestchesterNYLongIsland,NewarkNJNorthernNewJersey,433261.234195838,360537.940776859,1749037.21315758,55509.7620552377,34331.8200623362,199793.271150983,9570.25823829486,862.536375361924,13300.4401478151
NewYorkCityNYWestchesterNYLongIsland,NorwichNewLondonCTWindhamCT,0,0,0,36812.8777456312,16744.4822867009,163575.116240708,23646.4828323653,1817.33508903697,19214.412453953
NewYorkCityNYWestchesterNYLongIsland,PhiladelphiaMetroReadingPA,0,0,0,858168.504062431,412838.222411048,3456959.36253427,410920.524330205,40560.315969271,401544.082209135
NewYorkCityNYWestchesterNYLongIsland,PoughkeepsieNewburgMiddletownNY,0,0,0,2512.86887744119,1726.76036217734,11547.7864492073,390.83792934203,39.7696639246008,711.846825025222
NewYorkCityNYWestchesterNYLongIsland,ProvidenceNewBedfordFallRiverRIMA,0,0,0,39843.87665118,19653.4886356864,196855.166617846,106233.34088897,8095.03249052953,92048.3830471084
NewYorkCityNYWestchesterNYLongIsland,RichmondMetroVA,0,0,0,220415.819651396,53582.0684245139,292874.651945754,0.661180654453731,0.000312235309960161,0.0934292388082279
NewYorkCityNYWestchesterNYLongIsland,SpringfieldMAWorcesterMAPittsfieldMA,0,0,0,64038.6613254971,38187.1268020592,209636.332628215,73757.2180736187,15919.4246390852,68276.3583575148
NewYorkCityNYWestchesterNYLongIsland,WashingtonDCMetro,0,0,0,1384932.9478843,559179.734755655,4231760.10956412,1955387.60290366,176819.186114417,1917164.92788054
NewarkNJNorthernNewJersey,AlbanySchenectadyTroyNY,0,0,0,37251.9983838986,11603.5670993748,84351.4437469241,0,0,0
NewarkNJNorthernNewJersey,AtlanticCityRestofNewJersey,0,0,0,29165.7586878804,21508.0724966452,49595.2912679015,31668.2962836465,3711.59527236369,26952.6845286325
NewarkNJNorthernNewJersey,BaltimoreMetro,0,0,0,122291.73157182,127417.941195842,321070.145657354,62443.440589408,15575.0628396735,76697.0113138585
NewarkNJNorthernNewJersey,BostonMetroManchesterNashuaNH,0,0,0,164768.138730768,13053.4411807192,745564.631391342,394922.586797104,7524.1873140089,389459.623521928
NewarkNJNorthernNewJersey,BridgeportStamfordNorwalkCT,0,0,0,2420.71207587257,1989.11701150938,7761.66447379434,718.018720613687,54.9819345095855,221.087006027338
NewarkNJNorthernNewJersey,HarrisburgPALancasterPA,0,0,0,6827.20025656434,3750.54975852311,11543.3382638582,306.728297359443,2.37262826759901,64.5064448731155
NewarkNJNorthernNewJersey,HartfordWestEastCT,0,0,0,11143.9662696475,4082.97263657694,35093.6708553453,8761.64891042224,564.510966746921,4337.16777953142
NewarkNJNorthernNewJersey,KingstonNYHudsonNY,0,0,0,68717.5287868,49632.3475301894,232513.742439601,280.110429423339,3.14445865012246,137.416304212732
NewarkNJNorthernNewJersey,LancasterPA,0,0,0,35682.8816008523,22573.5006631532,91960.466947569,2296.56187866824,19.1474763688539,489.552879459403
NewarkNJNorthernNewJersey,NewCastleDECecilMDSalemNJ,25209.4651052297,15337.1577960952,34406.0243120396,6253.32263555003,4921.1228002118,13180.3764519462,4681.94192561667,620.574544369915,3370.18338604331
NewarkNJNorthernNewJersey,NewHavenMilfordCTLitchfieldCT,0,0,0,24138.1749330692,6007.77547996021,33656.7042456659,2517.78637377104,21.494672810058,1103.20910180431
NewarkNJNorthernNewJersey,NewYorkCityNYWestchesterNYLongIsland,0,0,0,30002.3443657499,17035.6129264441,166488.975539142,5318.84866341721,488.094830372283,7020.05983878838
NewarkNJNorthernNewJersey,NewarkNJNorthernNewJersey,149190.11473812,121382.577675679,135629.576521072,14324.8183842292,11057.3467213405,26634.6335643424,1151.26113029605,143.33598832165,1786.69819468854
NewarkNJNorthernNewJersey,NorwichNewLondonCTWindhamCT,0,0,0,5524.03220953886,1564.84382685572,14522.4995177779,2787.47139373286,137.493394104576,1641.0229572139
NewarkNJNorthernNewJersey,PhiladelphiaMetroReadingPA,1084576.68605998,860387.07586921,3154417.98137294,176831.1374703,226454.259493219,1035862.36155211,61877.2554810288,13608.0073151922,88590.0051437143
NewarkNJNorthernNewJersey,PoughkeepsieNewburgMiddletownNY,0,0,0,86.9924158658609,128.761797293194,172.027065625219,54.7622558676243,3.86553849007033,34.4598381566669
NewarkNJNorthernNewJersey,ProvidenceNewBedfordFallRiverRIMA,0,0,0,38987.4220514682,4392.4772279879,107306.405762896,59536.4226861211,1446.14189552523,42214.9981087822
NewarkNJNorthernNewJersey,RichmondMetroVA,0,0,0,60513.9028995307,12290.6928096153,47469.9148546826,1001.38956003785,420.497867115184,4838.45790634221
NewarkNJNorthernNewJersey,SpringfieldMAWorcesterMAPittsfieldMA,0,0,0,41214.8874603876,10403.3830805367,96817.7948481767,37022.9253615201,2127.85050380499,32368.4207078297
NewarkNJNorthernNewJersey,WashingtonDCMetro,0,0,0,424265.5052603,299705.5611661,995017.527831816,357649.558882248,59249.7762163066,343148.672904577
NorwichNewLondonCTWindhamCT,AlbanySchenectadyTroyNY,0,0,0,2090.8085377045,204.088912586975,3742.11957440353,0,0,0
NorwichNewLondonCTWindhamCT,AtlanticCityRestofNewJersey,0,0,0,723.51058999922,264.863577771299,1680.5578693884,737.472723999319,24.7403188936548,403.450632748375
NorwichNewLondonCTWindhamCT,BaltimoreMetro,0,0,0,48953.0091945583,954.369365114087,12902.8356835176,7652.25395281233,61.5939630662944,1570.33063863663
NorwichNewLondonCTWindhamCT,BostonMetroManchesterNashuaNH,0,0,0,13819.578904036,6901.02204523032,74197.5386950691,1577.0537446095,185.930521446807,1520.67010784715
NorwichNewLondonCTWindhamCT,BridgeportStamfordNorwalkCT,0,0,0,51.4742340994233,63.2890512465706,162.512753946009,13.9023707031671,4.14316611309935,8.54794498941711
NorwichNewLondonCTWindhamCT,HarrisburgPALancasterPA,0,0,0,3067.00480335039,166.060534955135,6247.21590458888,417.982384997627,0.000370578629259511,36.4172919772429
NorwichNewLondonCTWindhamCT,HartfordWestEastCT,0,0,0,556.356895939108,343.047716983013,1997.91924131904,44.7346208702661,0.568505052246692,67.905852997736
NorwichNewLondonCTWindhamCT,KingstonNYHudsonNY,0,0,0,1897.28500887201,219.961477016116,5858.31498236533,3.13179748045032,0.0885524729113288,2.56714667157355
NorwichNewLondonCTWindhamCT,LancasterPA,0,0,0,4359.48809029453,381.656265330257,8040.67484969265,1005.22362827165,0.00110862522150548,71.2512021013965
NorwichNewLondonCTWindhamCT,NewCastleDECecilMDSalemNJ,0,0,0,1615.13320454517,393.014162751039,3775.9841717287,937.731758962451,24.0503864498214,453.191873484465
NorwichNewLondonCTWindhamCT,NewHavenMilfordCTLitchfieldCT,0,0,0,6422.20918283303,5677.77946309758,17615.2272420801,2851.39125534255,165.54705896699,4147.20025147084
NorwichNewLondonCTWindhamCT,NewYorkCityNYWestchesterNYLongIsland,0,0,0,24033.2865660241,9490.24711023595,145989.399331757,23116.1664501895,1493.22672840518,15459.6890711209
NorwichNewLondonCTWindhamCT,NewarkNJNorthernNewJersey,0,0,0,3897.6125997113,812.536244414267,12108.359597356,2693.79508479894,102.515134455442,1281.68446053522
NorwichNewLondonCTWindhamCT,NorwichNewLondonCTWindhamCT,0,0,0,0.0418533732722516,0.000560586070654916,35.3578020680965,0.00178430574836034,10.35797936847,0.00012955321084398
NorwichNewLondonCTWindhamCT,PhiladelphiaMetroReadingPA,0,0,0,7607.31947997684,3083.26052895833,25184.6036202882,2153.12889442504,140.134396629925,1438.28628499942
NorwichNewLondonCTWindhamCT,PoughkeepsieNewburgMiddletownNY,0,0,0,570.020736717503,279.582436474207,1007.43286515044,41.4633023459301,5.35357809125967,27.5997831165217
NorwichNewLondonCTWindhamCT,ProvidenceNewBedfordFallRiverRIMA,0,0,0,6962.82927935685,5008.47985508014,20627.6697888277,181.546140440083,27.5953115733335,268.607389809048
NorwichNewLondonCTWindhamCT,RichmondMetroVA,0,0,0,-2526.28128742259,420.920570542282,3897.49350394638,100.315451109172,2.29062103212762e-06,794.79534207817
NorwichNewLondonCTWindhamCT,SpringfieldMAWorcesterMAPittsfieldMA,0,0,0,2310.57831583271,1408.82932655573,6149.64917982538,249.655586434313,19.3640775245728,242.909354500487
NorwichNewLondonCTWindhamCT,WashingtonDCMetro,0,0,0,67551.1958372425,3009.58888414089,33411.0524287036,23395.1636862764,56.6967138595994,1816.10888775274
PhiladelphiaMetroReadingPA,AlbanySchenectadyTroyNY,0,0,0,169.423782741784,0.0978078539125216,149.54605188458,0,0,0
PhiladelphiaMetroReadingPA,AtlanticCityRestofNewJersey,0,0,0,3491.4539691572,1858.73893133866,6181.84418009668,433.313644040324,32.8833477443325,377.748393248192
PhiladelphiaMetroReadingPA,BaltimoreMetro,0,0,0,193080.296687954,73827.9062531835,596837.124610469,24128.1731211788,2103.55425860478,33390.5519077484
PhiladelphiaMetroReadingPA,BostonMetroManchesterNashuaNH,0,0,0,43837.487350375,27105.0529829994,221796.178409285,42777.2236998834,3545.4064826053,36808.8546810413
PhiladelphiaMetroReadingPA,BridgeportStamfordNorwalkCT,0,0,0,10637.5326231048,2052.11012823687,21602.3283822467,3441.14839989456,172.332913754787,2318.89564005674
PhiladelphiaMetroReadingPA,HarrisburgPALancasterPA,0,0,0,247096.31774061,128555.121818605,843219.419216513,4626.86748677766,287.929868151995,4768.68830144468
PhiladelphiaMetroReadingPA,HartfordWestEastCT,0,0,0,5489.1817699553,2448.95987467036,24494.9796279179,3707.95791821943,479.809823756156,4333.47357415497
PhiladelphiaMetroReadingPA,KingstonNYHudsonNY,0,0,0,313.226295560868,0.238162798889927,108.981458866883,0.537765017860564,1.05029182985599e-05,0.0680691641548842
PhiladelphiaMetroReadingPA,LancasterPA,0,0,0,239660.420738198,139993.18527044,1041195.64692949,11925.8456974402,696.106708616991,10227.1962947769
PhiladelphiaMetroReadingPA,NewCastleDECecilMDSalemNJ,22.901439205125,94.8491923280412,42.4246745372955,4474.79280803953,2380.28643565688,14180.977299083,407.143795466936,34.0141266040544,400.760818114611
PhiladelphiaMetroReadingPA,NewHavenMilfordCTLitchfieldCT,0,0,0,74074.6476936487,3881.57683767413,78543.7398714838,567.940489683216,2.61293447353273,226.132143275904
PhiladelphiaMetroReadingPA,NewYorkCityNYWestchesterNYLongIsland,0,0,0,494271.60992891,231996.306710186,2111546.6698865,297584.694964555,25654.4725924025,257895.075711845
PhiladelphiaMetroReadingPA,NewarkNJNorthernNewJersey,147298.423579145,101125.802033419,269717.787949393,18224.4326450454,23382.9100989981,55999.9619630756,17504.5418588452,3100.38409641345,16781.8889372019
PhiladelphiaMetroReadingPA,NorwichNewLondonCTWindhamCT,0,0,0,8839.95978467884,3726.42126802893,26032.8601154934,1717.12712342366,131.147134242625,1197.39935214777
PhiladelphiaMetroReadingPA,PhiladelphiaMetroReadingPA,0,0,0,42951.7904602353,25418.5744422027,189945.776802061,3277.24790374437,330.916393213705,3236.89110665708
PhiladelphiaMetroReadingPA,PoughkeepsieNewburgMiddletownNY,0,0,0,643.190926829867,158.20478810838,599.233541669864,539.156914782761,20.9668017127918,162.148347803748
PhiladelphiaMetroReadingPA,ProvidenceNewBedfordFallRiverRIMA,0,0,0,14149.8578428593,5839.85755541064,54717.2651623866,9462.85919024445,777.540744552069,7206.85082918563
PhiladelphiaMetroReadingPA,RichmondMetroVA,0,0,0,48980.3185929035,20058.4307609022,145054.995280151,989.586009105442,0.061954091508269,241.809974229431
PhiladelphiaMetroReadingPA,SpringfieldMAWorcesterMAPittsfieldMA,0,0,0,6748.77855903898,4485.61952601228,25026.1423571573,3108.3670213494,470.100459625835,3041.91295440234
PhiladelphiaMetroReadingPA,WashingtonDCMetro,0,0,0,547197.722132602,216446.398935637,1607605.84878263,186537.937093235,16388.9027019824,192298.735597033
PoughkeepsieNewburgMiddletownNY,AlbanySchenectadyTroyNY,0,0,0,11961.3263756465,16191.504226586,34775.4532075172,0,0,0
PoughkeepsieNewburgMiddletownNY,AtlanticCityRestofNewJersey,0,0,0,2412.24047376551,361.242016792948,2826.68416051581,3355.42121317517,78.557597867366,1283.78628113605
PoughkeepsieNewburgMiddletownNY,BaltimoreMetro,0,0,0,25847.417341763,2066.17726051684,43219.1709918539,10811.4679469761,166.699978965342,6310.08944861794
PoughkeepsieNewburgMiddletownNY,BostonMetroManchesterNashuaNH,0,0,0,21407.0983946957,13793.0920697882,50715.0594750784,13259.7856121492,2041.54752950586,9520.1039252531
PoughkeepsieNewburgMiddletownNY,BridgeportStamfordNorwalkCT,0,0,0,42.1640213338602,53.8056170836829,57.6754071223905,2.58376951915719,0.536943680707199,1.08507180361259
PoughkeepsieNewburgMiddletownNY,HarrisburgPALancasterPA,0,0,0,8687.41186587609,1427.93570396521,16785.2709535534,226.857122728148,0.521423929241625,43.3248382115496
PoughkeepsieNewburgMiddletownNY,HartfordWestEastCT,0,0,0,1244.61353320187,799.227590583771,2226.23954987645,318.496588795626,76.58542556472,254.728317266111
PoughkeepsieNewburgMiddletownNY,KingstonNYHudsonNY,0,0,0,2937.09420350092,5673.68699467985,12371.4088243019,0,0,0
PoughkeepsieNewburgMiddletownNY,LancasterPA,0,0,0,13451.8850661038,1273.89528183199,23111.5516965374,464.109913728352,0.101763134003996,68.9589260707669
PoughkeepsieNewburgMiddletownNY,NewCastleDECecilMDSalemNJ,0,0,0,2332.59730015564,268.936259623361,2914.00362035704,1433.61600950898,25.6768331784969,545.897173192577
PoughkeepsieNewburgMiddletownNY,NewHavenMilfordCTLitchfieldCT,0,0,0,508.823919855706,244.986387121706,441.866655996872,9.6983848408898,0.362514509005218,8.55662212067281
PoughkeepsieNewburgMiddletownNY,NewYorkCityNYWestchesterNYLongIsland,11520.3788443461,9264.95446824822,11707.9101922832,14713.2196117044,6757.15223018199,53065.8068100995,958.913815709423,77.652921911467,878.455713932696
PoughkeepsieNewburgMiddletownNY,NewarkNJNorthernNewJersey,0,0,0,3728.12647943369,2801.01511920982,12594.5484048728,444.269742065027,30.9764480551552,300.763871667659
PoughkeepsieNewburgMiddletownNY,NorwichNewLondonCTWindhamCT,0,0,0,920.589083669419,385.480543555308,1513.0124743336,77.1226651540779,10.378882705784,39.2428429957839
PoughkeepsieNewburgMiddletownNY,PhiladelphiaMetroReadingPA,0,0,0,6162.02712507265,1935.67826913142,11699.6131493975,1268.6583764708,83.2120790884637,924.514710546775
PoughkeepsieNewburgMiddletownNY,PoughkeepsieNewburgMiddletownNY,0,0,0,85.8234619421584,118.512242872884,123.590663923079,1.46409142989814,0.410075618517611,0.904856743147967
PoughkeepsieNewburgMiddletownNY,ProvidenceNewBedfordFallRiverRIMA,0,0,0,8814.51745090794,4241.17838246164,13467.3531557471,2075.27484143478,270.903073539716,1027.56723999012
PoughkeepsieNewburgMiddletownNY,RichmondMetroVA,0,0,0,11574.2064352568,1569.59716980861,13262.5697536499,1263.16365092172,3.02003465588928,4224.65680056724
PoughkeepsieNewburgMiddletownNY,SpringfieldMAWorcesterMAPittsfieldMA,0,0,0,2461.22567209385,5661.94699776953,4660.32994297037,875.0906802763,668.81617125284,669.700198054776
PoughkeepsieNewburgMiddletownNY,WashingtonDCMetro,0,0,0,97113.4740811502,19876.2672686111,128705.999365397,43067.8841967001,2278.08195953455,19227.6814132283
ProvidenceNewBedfordFallRiverRIMA,AlbanySchenectadyTroyNY,0,0,0,13538.1338557444,361.379362317228,16090.557618648,0,0,0
ProvidenceNewBedfordFallRiverRIMA,AtlanticCityRestofNewJersey,0,0,0,976.22022111764,654.376747113345,1268.02050015984,1165.52577426279,111.663396727101,534.021462597001
ProvidenceNewBedfordFallRiverRIMA,BaltimoreMetro,0,0,0,8135.40298312423,2812.4497294431,40834.0720572009,5146.767393636,282.727701943529,6195.93012509579
ProvidenceNewBedfordFallRiverRIMA,BostonMetroManchesterNashuaNH,54.2476530524571,95.4382374580266,102.563511474498,64246.2551121718,34662.5304573832,215158.413635548,9561.72054504261,1143.62889488484,9209.72172326838
ProvidenceNewBedfordFallRiverRIMA,BridgeportStamfordNorwalkCT,0,0,0,1577.13106417001,3348.44799743261,2876.20428408421,730.837455781855,565.084574823784,473.642441206689
ProvidenceNewBedfordFallRiverRIMA,HarrisburgPALancasterPA,0,0,0,1914.35069260105,73.5943113462697,5340.37923912661,398.167620478857,0.000204649417245461,12.4480338227437
ProvidenceNewBedfordFallRiverRIMA,HartfordWestEastCT,0,0,0,39412.279360354,16896.5097200694,65589.737078953,417.9975227303,58.0165484167919,1028.46923755772
ProvidenceNewBedfordFallRiverRIMA,KingstonNYHudsonNY,0,0,0,7994.49687199923,707.961573047829,6399.76196831802,166.310241952496,1.76853987000146,51.5421376322844
ProvidenceNewBedfordFallRiverRIMA,LancasterPA,0,0,0,5587.21953527837,390.751304813647,15743.0606187048,1703.58409688989,0.00122640385315179,63.6559962769243
ProvidenceNewBedfordFallRiverRIMA,NewCastleDECecilMDSalemNJ,0,0,0,5485.96992732721,1043.79161787574,7535.43518339578,3664.88862328477,121.253683183326,1474.7036399324
ProvidenceNewBedfordFallRiverRIMA,NewHavenMilfordCTLitchfieldCT,0,0,0,27398.6902334658,35220.7367657213,29286.4977906664,1606.65236943087,116.929587918879,461.208512191531
ProvidenceNewBedfordFallRiverRIMA,NewYorkCityNYWestchesterNYLongIsland,0,0,0,105465.385352381,36424.7409334105,434625.598654548,152916.352184462,10134.2212804954,141902.689047821
ProvidenceNewBedfordFallRiverRIMA,NewarkNJNorthernNewJersey,0,0,0,79966.4689754599,5654.08488405512,170128.120784557,69869.7303970495,1325.88656160917,50433.7022122606
ProvidenceNewBedfordFallRiverRIMA,NorwichNewLondonCTWindhamCT,0,0,0,6329.77616912513,4167.02941442571,16054.4516614967,279.105348934092,35.367752034921,239.377122428022
ProvidenceNewBedfordFallRiverRIMA,PhiladelphiaMetroReadingPA,0,0,0,31911.8210772088,10911.116805729,93633.5375455604,11314.7948898237,881.042995118938,9660.56392576358
ProvidenceNewBedfordFallRiverRIMA,PoughkeepsieNewburgMiddletownNY,0,0,0,4730.66334321321,648.613953733325,4826.78732464703,1047.61156976315,43.5360517247057,675.094240643921
ProvidenceNewBedfordFallRiverRIMA,ProvidenceNewBedfordFallRiverRIMA,9426.43058731444,15505.7733718975,43388.4210349238,5525.56266728738,4749.65838102804,23321.1576100422,133.905518281282,14.4570242435844,476.829530695543
ProvidenceNewBedfordFallRiverRIMA,RichmondMetroVA,0,0,0,4727.25723398543,1032.74258551003,11222.3056480253,752.591507484528,4.13381557592192e-05,164.768911827087
ProvidenceNewBedfordFallRiverRIMA,SpringfieldMAWorcesterMAPittsfieldMA,0,0,0,7171.42873657743,3843.23565158886,13052.2632935236,953.887448721452,115.391662550069,1418.18673737283
ProvidenceNewBedfordFallRiverRIMA,WashingtonDCMetro,0,0,0,103173.298697243,9610.93856769494,81412.6484340547,8802.70148065715,643.689997205216,8248.75202593469
RichmondMetroVA,AlbanySchenectadyTroyNY,0,0,0,1042.29867632745,0,160.602403856187,0,0,0
RichmondMetroVA,BaltimoreMetro,0,0,0,11239.2540135092,6125.38613122364,42376.0684838454,366.641714222804,2.65993826017631,49.1616886442353
RichmondMetroVA,BostonMetroManchesterNashuaNH,0,0,0,5108.08486583519,2070.61104711354,11125.1314270792,1471.72886073836,0.000244703247504308,16.1289904511084
RichmondMetroVA,BridgeportStamfordNorwalkCT,0,0,0,-80160.5535519603,952.785733795204,24480.69327741,0.0674235920416425,5.86377663603535e-06,0.0134522435678135
RichmondMetroVA,HarrisburgPALancasterPA,0,0,0,6645.30239683251,525.097248159816,24175.3058205586,1600.65835615824,0.0734436248125756,449.012824050533
RichmondMetroVA,HartfordWestEastCT,0,0,0,-0.0893177970928159,1.1214490667449,0.0249774984179407,163.562668305983,0.00152701147049189,46.4564369668593
RichmondMetroVA,KingstonNYHudsonNY,0,0,0,1046.22432780399,0,188.332254002509,0,0,0
RichmondMetroVA,LancasterPA,0,0,0,8873.99348588789,7131.21572846604,4386.75788649383,2262.0880690293,7.24428376367334,505.109681331216
RichmondMetroVA,NewCastleDECecilMDSalemNJ,0,0,0,2734.91570817257,983.984364791329,6661.85745983196,228.371991744978,0.411479327384196,47.5058347959507
RichmondMetroVA,NewHavenMilfordCTLitchfieldCT,0,0,0,26433.5359403888,107.34003189484,47448.4270838414,58.1074508860817,0.000466725910917016,9.80274387471493
RichmondMetroVA,NewYorkCityNYWestchesterNYLongIsland,0,0,0,128725.843149829,9666.73432524062,57258.3589425242,0.0894264198173087,5.39495934948397e-05,0.0162112150656654
RichmondMetroVA,NorwichNewLondonCTWindhamCT,0,0,0,3592.33294236118,437.790508032596,3345.34229245228,442.466616044975,14.7366033357791,3920.54151147415
RichmondMetroVA,PhiladelphiaMetroReadingPA,0,0,0,7188.66579094112,4941.31265717552,21175.3525682457,2095.91934442518,0.861451620442052,415.791866869187
RichmondMetroVA,ProvidenceNewBedfordFallRiverRIMA,0,0,0,386.693764270039,276.866546058271,2058.20696125564,131.417715574724,0.000222189538065941,19.0123780524337
RichmondMetroVA,RichmondMetroVA,0,0,0,339.447030061181,262.826272846186,1314.62234836701,0,0,0
RichmondMetroVA,SpringfieldMAWorcesterMAPittsfieldMA,0,0,0,137.807441915932,230.955876069129,1429.34941663744,139.566146495744,7.18656419348308e-06,7.02796007295319
RichmondMetroVA,WashingtonDCMetro,0,0,0,75834.1348113441,39002.275410323,273256.527962784,4020.66883341918,219.812107689734,7591.28097567999
SpringfieldMAWorcesterMAPittsfieldMA,AlbanySchenectadyTroyNY,0,0,0,759.830442358361,1124.63394666526,7343.45470579697,0,0,0
SpringfieldMAWorcesterMAPittsfieldMA,AtlanticCityRestofNewJersey,0,0,0,798.651465828546,218.744300140144,1621.4918591863,1420.83035392721,60.2711261955032,1049.66952499733
SpringfieldMAWorcesterMAPittsfieldMA,BaltimoreMetro,0,0,0,1266.01392257535,501.506719010481,3879.71975807753,376.471910466417,75.7380217886614,646.403603003925
SpringfieldMAWorcesterMAPittsfieldMA,BostonMetroManchesterNashuaNH,0,0,0,6107.29709130108,3370.13044763117,39074.0813057617,1487.63905855071,175.17931249319,2298.12125984558
SpringfieldMAWorcesterMAPittsfieldMA,BridgeportStamfordNorwalkCT,0,0,0,57.0229262297648,260.958097345946,205.564167498147,35.9753748838174,75.0063548875585,31.1215221740389
SpringfieldMAWorcesterMAPittsfieldMA,HarrisburgPALancasterPA,0,0,0,-473.975575344415,1103.94662999616,-38626.877157912,320.749099950141,0.00038698888777539,21.6520415750466
SpringfieldMAWorcesterMAPittsfieldMA,HartfordWestEastCT,0,0,0,444.809134967969,194.290031685332,1132.60736403265,61.5438545201534,3.29127158554741,60.7312855918584
SpringfieldMAWorcesterMAPittsfieldMA,KingstonNYHudsonNY,0,0,0,1394.23026451849,1015.77382790851,3260.14174315628,100.666136473803,2.93383157641658,126.617596071502
SpringfieldMAWorcesterMAPittsfieldMA,LancasterPA,0,0,0,84.9842438736431,180.496527552987,256.606713954319,35.5542514614715,0.000423114471436205,1.45264433721497
SpringfieldMAWorcesterMAPittsfieldMA,NewCastleDECecilMDSalemNJ,0,0,0,2318.80756896897,353.497118732622,4700.89571177137,2226.80767554796,68.4055498088678,1529.40547141058
SpringfieldMAWorcesterMAPittsfieldMA,NewHavenMilfordCTLitchfieldCT,0,0,0,4804.01696438149,4790.8922627834,9624.843238824,417.28765192579,9.69538515630916,189.82240863525
SpringfieldMAWorcesterMAPittsfieldMA,NewYorkCityNYWestchesterNYLongIsland,0,0,0,44923.4660546097,13577.0971269077,172784.446355231,30227.4139381689,3415.44606295963,28455.8030048323
SpringfieldMAWorcesterMAPittsfieldMA,NewarkNJNorthernNewJersey,0,0,0,23360.4705201041,2649.90885422449,57180.536040688,9678.59677926025,250.604160419165,7057.70766857706
SpringfieldMAWorcesterMAPittsfieldMA,NorwichNewLondonCTWindhamCT,0,0,0,2324.84455269831,1723.31658716555,7787.18345093305,537.776040930959,58.515865047401,357.694202557343
SpringfieldMAWorcesterMAPittsfieldMA,PhiladelphiaMetroReadingPA,0,0,0,4421.00768726476,2515.86568238449,13098.110898725,2051.85031922361,375.546875709635,1987.74224437466
SpringfieldMAWorcesterMAPittsfieldMA,PoughkeepsieNewburgMiddletownNY,0,0,0,347.865398403018,221.451245828785,590.669794703827,124.131440466141,15.09968315117,137.804337356251
SpringfieldMAWorcesterMAPittsfieldMA,ProvidenceNewBedfordFallRiverRIMA,0,0,0,1297.31489505913,622.790528762346,2576.86793796206,127.703862606032,13.4215720290405,100.634003699294
SpringfieldMAWorcesterMAPittsfieldMA,RichmondMetroVA,0,0,0,123.230014658262,30.5893938112116,313.75757888762,52.0753222276679,8.34312927509539e-07,10.115880990967
SpringfieldMAWorcesterMAPittsfieldMA,SpringfieldMAWorcesterMAPittsfieldMA,0,0,0,112.197070278575,114.915853428951,678.669120977537,9.00899165195624,3.37115337797827,19.5771680362915
SpringfieldMAWorcesterMAPittsfieldMA,WashingtonDCMetro,0,0,0,6449.24220539192,3183.62798037897,27777.1683529307,2616.12150802804,580.489148869941,5180.15566093033
TrentonEwingNJ,AlbanySchenectadyTroyNY,0,0,0,31851.3640760001,420.816882968883,44651.1599498147,0,0,0
TrentonEwingNJ,AtlanticCityRestofNewJersey,0,0,0,2970.68551948079,2673.77747051678,2839.9901185684,191.956151080524,61.7078889716707,1049.77068469208
TrentonEwingNJ,BaltimoreMetro,0,0,0,12782.872046307,21014.9890693841,25539.3912151091,529.513480518107,335.514623148469,1858.58442168117
TrentonEwingNJ,BostonMetroManchesterNashuaNH,0,0,0,84709.0853456866,1869.89110268226,102632.414951242,14068.7134706988,77.8246548231985,21124.7185422285
TrentonEwingNJ,BridgeportStamfordNorwalkCT,66387.5487597378,40026.4461934507,45931.7310900164,45.7887546430202,139.567182567408,117.075840255659,10.5224293206257,2.15972409009684,1.5329417731284
TrentonEwingNJ,HarrisburgPALancasterPA,0,0,0,8518.38991320488,7903.85413020233,14298.2921020418,17.7721204389941,0.583523317012821,43.7589253763573
TrentonEwingNJ,HartfordWestEastCT,0,0,0,1872.87766151077,293.772124382956,2004.2616033459,586.790459350496,16.1006749941137,148.183448028595
TrentonEwingNJ,KingstonNYHudsonNY,0,0,0,7796.64054414086,3777.20932208463,12249.9409665328,175.266812732264,1.51924036799262,62.9756775179166
TrentonEwingNJ,LancasterPA,0,0,0,12379.4588365938,12168.7426333601,24272.764808282,45.6965604816836,1.5314235682593,68.99113682759
TrentonEwingNJ,NewCastleDECecilMDSalemNJ,0,0,0,535.45545966171,449.483874765295,843.182638010404,33.4255423436487,8.56847922845202,92.9421107014728
TrentonEwingNJ,NewHavenMilfordCTLitchfieldCT,163791.08969426,76574.3657390881,111440.878428282,3652.55889726816,1566.43052655963,1666.05957828982,142.343963704259,0.631446366739952,20.8424767568979
TrentonEwingNJ,NewYorkCityNYWestchesterNYLongIsland,1580314.3546735,1242367.21628034,5562072.83046449,3772.91629003122,9987.45183091626,39691.9340088035,269.050961177341,89.1985581969888,824.292059220651
TrentonEwingNJ,NewarkNJNorthernNewJersey,0,0,0,11370.6999679941,8851.22785099799,27878.6485097594,209.749666337474,42.2110980556916,306.544959659806
TrentonEwingNJ,NorwichNewLondonCTWindhamCT,0,0,0,8638.47004988662,26.5269419650849,10101.2637573119,1052.25467662025,0.532341221932339,666.627328582975
TrentonEwingNJ,PhiladelphiaMetroReadingPA,13224.6998100673,9832.69089242396,23257.7778315521,12621.8281897419,16332.0784930805,53257.2406565342,265.780458617575,132.236240610999,2593.80459112009
TrentonEwingNJ,PoughkeepsieNewburgMiddletownNY,19000.5357114434,11732.6588729851,21099.7791379201,25.0085470887308,83.1049470145671,55.6070429842155,1.3580228464935,0.355188280410417,2.17521360754943
TrentonEwingNJ,ProvidenceNewBedfordFallRiverRIMA,0,0,0,6500.87719702482,186.826732981289,5972.00257789221,492.764632627978,4.19856022056875,745.491832846048
TrentonEwingNJ,RichmondMetroVA,0,0,0,9378.17135591345,788.460166321163,2921.07706959167,0.00663558141068703,1.34173078308343e-06,0.00193548261370699
TrentonEwingNJ,SpringfieldMAWorcesterMAPittsfieldMA,0,0,0,1879.14696776652,128.540205471551,1942.05910887382,164.128194040982,4.68288646164276,244.623417271346
TrentonEwingNJ,WashingtonDCMetro,0,0,0,44167.4225967442,55009.9229933953,92722.153213548,3794.03467068702,1878.34580692298,10969.6221525698
WashingtonDCMetro,AlbanySchenectadyTroyNY,0,0,0,0.143368457217326,0.0764937482686337,0.299758265388239,0,0,0
WashingtonDCMetro,BaltimoreMetro,0,0,0,76609.1763223984,37771.9555507424,261882.960340174,7105.64741610253,1010.56525034097,9167.82189176448
WashingtonDCMetro,BostonMetroManchesterNashuaNH,0,0,0,23713.8965483429,17468.3042581323,82775.1893410718,21458.8641540118,2095.44771418265,16743.6079193166
WashingtonDCMetro,BridgeportStamfordNorwalkCT,0,0,0,11058.6633102011,4159.14147160718,34677.4773778338,15836.9609264007,1471.70918290677,14039.4529675515
WashingtonDCMetro,HarrisburgPALancasterPA,0,0,0,47997.6713682578,34642.5234366049,244031.50044417,5721.75579487884,122.117296949187,3499.55363925892
WashingtonDCMetro,HartfordWestEastCT,0,0,0,4039.72716026646,2280.29894733822,16514.8893457403,4273.58559391986,650.888015014719,5038.27088660294
WashingtonDCMetro,KingstonNYHudsonNY,0,0,0,170520.525226933,30.1001521035989,79727.5305946463,0,0,0
WashingtonDCMetro,LancasterPA,0,0,0,91899.0134905571,61037.6616187382,263949.284382534,9468.77722264483,260.991547945671,6068.10859986796
WashingtonDCMetro,NewCastleDECecilMDSalemNJ,0,0,0,33499.2099982916,23016.665485834,111160.861445594,10996.155275455,2584.25308319644,12152.0062005583
WashingtonDCMetro,NewHavenMilfordCTLitchfieldCT,0,0,0,74824.0866344084,7801.12129169264,143580.850454821,1442.19887372026,43.9230888502803,612.312945595063
WashingtonDCMetro,NewYorkCityNYWestchesterNYLongIsland,0,0,0,316267.852152627,166859.140462231,1237187.48346914,406597.181635291,42599.0680381127,456769.606365747
WashingtonDCMetro,NorwichNewLondonCTWindhamCT,0,0,0,101640.507923657,4886.52858025295,39984.8091064725,22995.2061943077,385.033544458891,1930.40876862147
WashingtonDCMetro,PhiladelphiaMetroReadingPA,0,0,0,116741.333836321,67044.2845013529,477606.024448317,153054.385940862,11774.6717428252,102297.463457755
WashingtonDCMetro,ProvidenceNewBedfordFallRiverRIMA,0,0,0,27128.6125660899,3436.20121967219,16989.5338836484,1095.02520630922,392.456523792661,2402.07159073565
WashingtonDCMetro,RichmondMetroVA,0,0,0,89392.0258621738,46668.0031998864,311387.592777631,4081.10372335092,148.879436524663,7897.47261796417
WashingtonDCMetro,SpringfieldMAWorcesterMAPittsfieldMA,0,0,0,9679.08277876631,3580.67928194387,34271.9004077744,3646.78647409774,290.323491429579,5282.25601539142
WashingtonDCMetro,WashingtonDCMetro,0,0,0,121965.900881862,57064.6168698873,414025.582133878,7395.98545979001,630.184923874191,6089.57092165475
